[1,["84nm3ploVJHrem6rLKiaBQ@6c48a"],["_textureSource"],["cc.SpriteFrame"],0,[{"name":"Car_Truck_Blue_02_Move1","rect":{"x":0,"y":0,"width":91,"height":60},"offset":{"x":0,"y":0},"originalSize":{"width":91,"height":60},"rotated":false,"capInsets":[0,0,0,0],"vertices":{"rawPosition":[-45.5,-30,0,45.5,-30,0,-45.5,30,0,45.5,30,0],"indexes":[0,1,2,2,1,3],"uv":[0,60,91,60,0,0,91,0],"nuv":[0,0,1,0,0,1,1,1],"minPos":{"x":-45.5,"y":-30,"z":0},"maxPos":{"x":45.5,"y":30,"z":0}},"packable":true,"pixelsToUnit":100,"pivot":{"x":0.5,"y":0.5},"meshType":0}],[0],0,[0],[0],[0]]
