[1,["4f/oSs7M9J+arj0Lm8j9D6@6c48a"],["_textureSource"],["cc.SpriteFrame"],0,[{"name":"2","rect":{"x":0,"y":0,"width":640,"height":360},"offset":{"x":0,"y":0},"originalSize":{"width":640,"height":360},"rotated":false,"capInsets":[0,0,0,0],"vertices":{"rawPosition":[-320,-180,0,320,-180,0,-320,180,0,320,180,0],"indexes":[0,1,2,2,1,3],"uv":[0,360,640,360,0,0,640,0],"nuv":[0,0,1,0,0,1,1,1],"minPos":{"x":-320,"y":-180,"z":0},"maxPos":{"x":320,"y":180,"z":0}},"packable":true,"pixelsToUnit":100,"pivot":{"x":0.5,"y":0.5},"meshType":0}],[0],0,[0],[0],[0]]
