[1,["5fWsQIQaNB0b3mGf25ozXM@6c48a"],["_textureSource"],["cc.SpriteFrame"],0,[{"name":"UI_Slider_Green","rect":{"x":0,"y":0,"width":42,"height":7},"offset":{"x":0,"y":0},"originalSize":{"width":42,"height":7},"rotated":false,"capInsets":[0,0,0,0],"vertices":{"rawPosition":[-21,-3.5,0,21,-3.5,0,-21,3.5,0,21,3.5,0],"indexes":[0,1,2,2,1,3],"uv":[0,7,42,7,0,0,42,0],"nuv":[0,0,1,0,0,1,1,1],"minPos":{"x":-21,"y":-3.5,"z":0},"maxPos":{"x":21,"y":3.5,"z":0}},"packable":true,"pixelsToUnit":100,"pivot":{"x":0.5,"y":0.5},"meshType":0}],[0],0,[0],[0],[0]]
