[1,["8ciC6HQBNAz42AnhQKB1qO@6c48a"],["_textureSource"],["cc.SpriteFrame"],0,[{"name":"Button_01","rect":{"x":0,"y":0,"width":74,"height":21},"offset":{"x":0,"y":0},"originalSize":{"width":74,"height":21},"rotated":false,"capInsets":[4,4,4,6],"vertices":{"rawPosition":[-37,-10.5,0,37,-10.5,0,-37,10.5,0,37,10.5,0],"indexes":[0,1,2,2,1,3],"uv":[0,21,74,21,0,0,74,0],"nuv":[0,0,1,0,0,1,1,1],"minPos":{"x":-37,"y":-10.5,"z":0},"maxPos":{"x":37,"y":10.5,"z":0}},"packable":true,"pixelsToUnit":100,"pivot":{"x":0.5,"y":0.5},"meshType":0}],[0],0,[0],[0],[0]]
