[1,["80Go/5PFJHzLBd+8SjJKSU@6c48a"],["_textureSource"],["cc.SpriteFrame"],0,[{"name":"UI_Buy_Candy","rect":{"x":0,"y":0,"width":40,"height":47},"offset":{"x":0,"y":0},"originalSize":{"width":40,"height":47},"rotated":false,"capInsets":[0,0,0,0],"vertices":{"rawPosition":[-20,-23.5,0,20,-23.5,0,-20,23.5,0,20,23.5,0],"indexes":[0,1,2,2,1,3],"uv":[0,47,40,47,0,0,40,0],"nuv":[0,0,1,0,0,1,1,1],"minPos":{"x":-20,"y":-23.5,"z":0},"maxPos":{"x":20,"y":23.5,"z":0}},"packable":true,"pixelsToUnit":100,"pivot":{"x":0.5,"y":0.5},"meshType":0}],[0],0,[0],[0],[0]]
