[1,["6fXQja6GVDF7VNh8dzfcgc@6c48a"],["_textureSource"],["cc.SpriteFrame"],0,[{"name":"UI_Dress_Hair_02","rect":{"x":0,"y":0,"width":20,"height":21},"offset":{"x":0,"y":0},"originalSize":{"width":20,"height":21},"rotated":false,"capInsets":[0,0,0,0],"vertices":{"rawPosition":[-10,-10.5,0,10,-10.5,0,-10,10.5,0,10,10.5,0],"indexes":[0,1,2,2,1,3],"uv":[0,21,20,21,0,0,20,0],"nuv":[0,0,1,0,0,1,1,1],"minPos":{"x":-10,"y":-10.5,"z":0},"maxPos":{"x":10,"y":10.5,"z":0}},"packable":true,"pixelsToUnit":100,"pivot":{"x":0.5,"y":0.5},"meshType":0}],[0],0,[0],[0],[0]]
