[1,["11mfYHaIxFKZ27xkvW12t9@6c48a"],["_textureSource"],["cc.SpriteFrame"],0,[{"name":"UI_StatBg_01","rect":{"x":0,"y":0,"width":320,"height":180},"offset":{"x":0,"y":0},"originalSize":{"width":320,"height":180},"rotated":false,"capInsets":[0,0,0,0],"vertices":{"rawPosition":[-160,-90,0,160,-90,0,-160,90,0,160,90,0],"indexes":[0,1,2,2,1,3],"uv":[0,180,320,180,0,0,320,0],"nuv":[0,0,1,0,0,1,1,1],"minPos":{"x":-160,"y":-90,"z":0},"maxPos":{"x":160,"y":90,"z":0}},"packable":true,"pixelsToUnit":100,"pivot":{"x":0.5,"y":0.5},"meshType":0}],[0],0,[0],[0],[0]]
