[1,["d2Kftvj7VFZYsimegs2/iP","bfNKsre6tN85/2LjntOCdO@f9941","fb8gszdZRBXolaRtRjFWR+@f9941","737/4CkHFFvIeCo8arDsqn","e3/jXA7zpNNYx9zCYI3ESy","1dp+N1WKBOzIwUI3evZjD6@f9941","b5Okr8TDxMVIrFmiUj7lVY@f9941","1enNy0Po9LhJsdGuY8B1Qu@6c48a","38TMlfQZJF75IXYezeo2UK@6c48a","ffti2pF9dNm65im8QT3vXF@f9941","a2KBdmIYZGAo4iGcIusj+3@f9941","7f1etCCKBBYYzIdgHEPFwJ","38TMlfQZJF75IXYezeo2UK@f9941","1enNy0Po9LhJsdGuY8B1Qu@f9941","cdiSf3pIpJEKCCfSGvZye5","ffuIqPr2JI9I8dPLYGRDpD@f9941","1cruLiR/pMvZErRJQISnqu","81/2m39W5LLowF0e3Z0jK5@f9941","b1XTarcmpFDpquniwARNSV","afxHkx8GZGsJC+n+YfITQo@f9941","a2KBdmIYZGAo4iGcIusj+3@6c48a","afxHkx8GZGsJC+n+YfITQo@6c48a","bfNKsre6tN85/2LjntOCdO@6c48a","fb8gszdZRBXolaRtRjFWR+@6c48a","ffuIqPr2JI9I8dPLYGRDpD@6c48a"],["node","_spriteFrame","_font","targetInfo","_textureSource","_parent","root","asset","_cameraComponent","BtnNo","BtnYes","SaveNameNode","DescNode","ContentNode","TextNode","ToggleNode","SaveText","LoadingPage","BtnDelete3","BtnDelete2","BtnDelete1","BtnSave3","BtnSave2","BtnSave1","scene","_scrollView"],[["cc.Node",["_name","_layer","_id","_objFlags","__editorExtras__","_active","_components","_parent","_lpos","_children","_prefab","_lscale"],-3,9,1,5,2,4,5],["cc.Widget",["_alignFlags","_bottom","_top","_originalHeight","_originalWidth","_left","_right","_horizontalCenter","_alignMode","node"],-6,1],"cc.SpriteFrame",["cc.Label",["_string","_actualFontSize","_fontSize","_lineHeight","_isSystemFontUsed","_overflow","_horizontalAlign","_isUnderline","_verticalAlign","node","_font","_color"],-6,1,6,5],["cc.Sprite",["_sizeMode","_type","_isTrimmedMode","node","_spriteFrame","_color"],0,1,6,5],["cc.Node",["_name","_layer","_active","_components","_lpos","_children","_parent"],0,12,5,2,1],["cc.PrefabInstance",["fileId","prefabRootNode","propertyOverrides","mountedComponents","removedComponents"],1,9,9,9],["cc.UITransform",["node","_contentSize","_anchorPoint"],3,1,5,5],["cc.TTFFont",["_name","_native"],1],["cc.SceneAsset",["_name"],2],["cc.Node",["_name","_parent","_components","_lpos"],2,1,2,5],["cc.Canvas",["node","_cameraComponent"],3,1,1],["cc.BlockInputEvents",["node"],3,1],["1e586V2mj9IUKaYZKX2eupR",["node","DescNode","SaveNameNode","BtnYes","BtnNo"],3,1,1,1,1,1],["6289cyq+/5P84wYCH9GhGuh",["node"],3,1],["380121Q10xKH4XWVCO5htx+",["node","TextNode","ContentNode"],3,1,1,1],["cc.Layout",["_resizeMode","_layoutType","_spacingX","node"],0,1],["eee35w0BSpNQ4tAT4oe3PLa",["node","BtnSave1","BtnSave2","BtnSave3","BtnDelete1","BtnDelete2","BtnDelete3","LoadingPage","PageDeleteSave","SaveText","ToggleNode"],3,1,1,1,1,1,1,1,1,1,1,1],["7f5e6X2A0ZN87KdAyNs1aje",["node"],3,1],["61daf3xvQpJZZ9tiieSZNai",["node"],3,1],["cc.Mask",["node"],3,1],["cc.Graphics",["node","_fillColor"],3,1,5],["bd0c0BCcxdKs7PCrm2vWqBV",["node"],3,1],["827f9CayRZKkbhG376cC4IW",["node","PageDisclaimer"],3,1,1],["cc.TargetInfo",["localID"],2],["cc.PrefabInfo",["fileId","targetOverrides","nestedPrefabInstanceRoots","root","instance","asset"],0,1,4,6],["cc.PrefabInfo",["root","asset","fileId","instance","targetOverrides","nestedPrefabInstanceRoots"],-2,2],["CCPropertyOverrideInfo",["value","propertyPath","targetInfo"],1,1],["CCPropertyOverrideInfo",["propertyPath","targetInfo","value"],2,1,8],["CCPropertyOverrideInfo",["propertyPath","targetInfo","value"],2,4,8],["CCPropertyOverrideInfo",["value","propertyPath","targetInfo"],1,4],["cc.MountedComponentsInfo",["components","targetInfo"],2,4],["cc.Scene",["_name","_children","_prefab","_globals"],2,2,4,4],["cc.SceneGlobals",["ambient","shadows","_skybox","fog","octree","skin","lightProbeInfo","postSettings"],3,4,4,4,4,4,4,4,4],["cc.AmbientInfo",["_skyColorHDR","_groundAlbedoHDR"],3,5,5],["cc.ShadowsInfo",["_shadowColor","_size"],3,5,5],["cc.SkyboxInfo",[],3],["cc.FogInfo",[],3],["cc.OctreeInfo",[],3],["cc.SkinInfo",["_enabled"],2],["cc.LightProbeInfo",[],3],["cc.PostSettingsInfo",[],3],["cc.Camera",["_projection","_orthoHeight","_near","_visibility","node","_color"],-1,1,5],["cc.ScrollBar",["_direction","node","_handle"],2,1,1],["cc.ScrollView",["bounceDuration","brake","horizontal","node","_content","_verticalScrollBar"],0,1,1,1]],[[7,0,1,1],[24,0,2],[0,0,1,7,6,8,3],[29,0,1,2,2],[18,0,1],[28,0,1,2,2],[0,0,1,7,9,6,8,3],[4,0,2,3,4,3],[27,0,1,2,3],[0,3,4,7,10,3],[4,1,0,2,3,4,4],[25,0,1,2,3,4,5,4],[7,0,1,2,1],[16,0,1,2,3,4],[3,0,1,2,3,4,9,11,10,6],[0,0,1,7,9,6,3],[0,0,1,9,6,8,3],[1,0,4,3,9,4],[1,0,6,1,9,4],[3,0,1,2,3,5,4,9,10,7],[6,0,1,2,3],[0,0,1,9,6,3],[0,0,5,1,7,6,8,4],[1,0,1,7,9,4],[1,0,5,2,9,4],[12,0,1],[4,0,3,4,2],[14,0,1],[3,0,1,2,3,4,9,10,6],[30,0,1,2,3],[31,0,1,2],[8,0,1,3],[9,0,2],[0,0,1,2,9,6,8,4],[0,0,1,7,6,3],[0,0,1,7,6,8,11,3],[5,0,2,1,5,3,4,4],[5,0,1,6,5,3,4,3],[5,0,1,6,3,4,3],[10,0,1,2,3,2],[1,0,2,1,9,4],[1,0,2,1,4,3,9,6],[1,0,5,6,2,1,4,3,9,8],[1,0,3,8,9,4],[1,0,5,2,1,9,5],[1,0,1,9,3],[11,0,1,1],[13,0,1,2,3,4,1],[4,1,0,3,5,4,3],[4,1,0,3,5,3],[15,0,1,2,1],[17,0,1,2,3,4,5,6,7,8,9,10,1],[19,0,1],[20,0,1],[21,0,1,1],[3,0,1,2,3,4,7,9,11,10,7],[3,0,6,1,2,3,4,9,10,7],[3,0,6,8,1,2,3,5,4,9,11,10,9],[22,0,1],[23,0,1,1],[26,0,1,2,3,4,5,6],[6,0,1,3,2,3],[6,0,1,3,2,4,3],[32,0,1,2,3,2],[33,0,1,2,3,4,5,6,7,1],[34,0,1,1],[35,0,1,1],[36,1],[37,1],[38,1],[39,0,2],[40,1],[41,1],[42,0,1,2,3,4,5,5],[43,0,1,2,2],[44,0,1,2,3,4,5,4]],[[[[31,"arial","arial.ttf"],-1],0,0,[],[],[]],[[{"name":"Button_02","rect":{"x":0,"y":0,"width":32,"height":18},"offset":{"x":0,"y":0},"originalSize":{"width":32,"height":18},"rotated":false,"capInsets":[0,0,0,0],"vertices":{"rawPosition":[-16,-9,0,16,-9,0,-16,9,0,16,9,0],"indexes":[0,1,2,2,1,3],"uv":[0,18,32,18,0,0,32,0],"nuv":[0,0,1,0,0,1,1,1],"minPos":{"x":-16,"y":-9,"z":0},"maxPos":{"x":16,"y":9,"z":0}},"packable":true,"pixelsToUnit":100,"pivot":{"x":0.5,"y":0.5},"meshType":0}],[2],0,[0],[4],[7]],[[{"name":"Button_03","rect":{"x":0,"y":0,"width":78,"height":18},"offset":{"x":0,"y":0},"originalSize":{"width":78,"height":18},"rotated":false,"capInsets":[0,0,0,0],"vertices":{"rawPosition":[-39,-9,0,39,-9,0,-39,9,0,39,9,0],"indexes":[0,1,2,2,1,3],"uv":[0,18,78,18,0,0,78,0],"nuv":[0,0,1,0,0,1,1,1],"minPos":{"x":-39,"y":-9,"z":0},"maxPos":{"x":39,"y":9,"z":0}},"packable":true,"pixelsToUnit":100,"pivot":{"x":0.5,"y":0.5},"meshType":0}],[2],0,[0],[4],[8]],[[[32,"SceneStart"],[21,"PageStart",33554432,[-3,-4,-5,-6,-7,-8,-9,-10,-11,-12,-13],[[0,-1,[5,400,224.9999999999999]],[17,45,100,100,-2]]],[33,"Canvas",33554432,"beI88Z2HpFELqR4T5EMHpg",[-18,1,-19,-20,-21,-22],[[0,-14,[5,400,224.9999999999999]],[46,-16,-15],[40,45,5.684341886080802e-14,5.684341886080802e-14,-17]],[1,200,112.5,0]],[6,"PageDeleteSave",33554432,2,[-31,-32],[[0,-23,[5,400,225]],[41,45,-999,999,100,100,-24],[25,-25],[47,-30,-29,-28,-27,-26]],[1,0,999,0]],[15,"Box",33554432,3,[-36,-37,-38,-39],[[0,-33,[5,167.59699999999998,76.006]],[10,1,0,false,-34,19],[27,-35]]],[6,"PageDisclaimer",33554432,2,[-46,-47],[[0,-40,[5,400,225]],[42,45,1.1546319456101628e-14,-1.1546319456101628e-14,-1300,1300,100,100,-41],[25,-42],[50,-45,-44,-43]],[1,0,1300,0]],[6,"StageBox",33554432,1,[-60,-61,-62],[[0,-48,[5,296.545,20]],[13,1,1,8,-49],[51,-59,-58,-57,-56,-55,-54,-53,-52,3,-51,-50]],[1,0,-20,0]],[6,"BtnYes",33554432,4,[-67],[[0,-63,[5,30,18]],[7,2,false,-64,16],[18,36,93.79849999999999,9.003,-65],[4,-66]],[1,-25,-20,0]],[6,"BtnNo",33554432,4,[-72],[[0,-68,[5,30,18]],[7,2,false,-69,18],[18,36,43.79849999999999,9.003,-70],[4,-71]],[1,25,-20,0]],[16,"BtnStartSave",33554432,[-76],[[0,-73,[5,74.515,18]],[10,1,0,false,-74,3],[4,-75]],[1,-9.5,0,0]],[16,"BtnStartSave",33554432,[-80],[[0,-77,[5,74.515,18]],[10,1,0,false,-78,6],[4,-79]],[1,-9.5,0,0]],[16,"BtnStartSave",33554432,[-84],[[0,-81,[5,74.515,18]],[10,1,0,false,-82,9],[4,-83]],[1,-9.5,0,0]],[2,"Toggle",33554432,1,[[0,-85,[5,78,18]],[7,2,false,-86,20],[23,20,10,-30,-87],[4,-88]],[1,-30,-93.49999999999994,0]],[2,"Exit",33554432,1,[[0,-89,[5,32,18]],[26,0,-90,21],[52,-91],[23,20,10,30,-92],[4,-93]],[1,30,-93.49999999999994,0]],[36,"scrollBar",false,33554432,[-98],[[[12,-94,[5,8,165.779],[0,1,0.5]],[48,1,0,-95,[4,16777215],28],[43,37,250,1,-96],-97],4,4,4,1],[1,146.319,0,0]],[21,"view",33554432,[-103],[[0,-99,[5,292.638,165.779]],[53,-100],[54,-101,[4,16777215]],[17,45,271.356,203.889,-102]]],[6,"SaveCell",33554432,6,[9,-106],[[0,-104,[5,93.515,20]],[13,1,1,3,-105]],[1,-101.51500000000001,0,0]],[2,"BtnDeleteSave",33554432,16,[[0,-107,[5,16,18]],[7,2,false,-108,4],[4,-109]],[1,38.7575,0,0]],[15,"SaveCell-001",33554432,6,[10,-112],[[0,-110,[5,93.515,20]],[13,1,1,3,-111]]],[2,"BtnDeleteSave",33554432,18,[[0,-113,[5,16,18]],[7,2,false,-114,7],[4,-115]],[1,38.7575,0,0]],[6,"SaveCell-002",33554432,6,[11,-118],[[0,-116,[5,93.515,20]],[13,1,1,3,-117]],[1,101.51499999999999,0,0]],[2,"BtnDeleteSave",33554432,20,[[0,-119,[5,16,18]],[7,2,false,-120,10],[4,-121]],[1,38.7575,0,0]],[2,"XLink",33554432,1,[[0,-122,[5,152.98394097222223,15.119999999999997]],[28,"https://x.com/tokyo_dairy",23.9625,12,12,false,-123,22],[24,9,8.008036624780871,8.000000000000002,-124],[58,-125]],[1,-115.49999288910803,96.93999999999994,0]],[2,"UIBtnDisclaimer",33554432,1,[[0,-126,[5,65.98305763399844,13.86]],[55,"DISCLAIMER",21.965625,11,11,false,true,-127,[4,4283979864],26],[18,36,15.00581048229558,12,-128],[59,-129,5]],[1,152.0026607007052,-93.56999999999994,0]],[15,"Box",33554432,5,[-133],[[0,-130,[5,300,180]],[10,1,0,false,-131,30],[27,-132]]],[37,"DescBox",33554432,24,[14,15],[[[0,-134,[5,292.638,165.779]],-135],4,1],[1,1.2149999999999999,-2.429500000000001,0]],[6,"content",33554432,15,[-137],[[12,-136,[5,275,850],[0,0.5,1]]],[1,-4.467000000000013,84.4224999999999,0]],[1,["d1aDkWQdRAmrBpGEIt5qog"]],[34,"BG",33554432,1,[[0,-138,[5,400,224.9999999999999]],[26,0,-139,0],[17,45,100,100,-140]]],[2,"Text",33554432,9,[[0,-141,[5,70,13.86]],[19,"SAVE1-25%",22,11,11,2,false,-142,2]],[1,1,1,0]],[9,0,{},2,[11,"d4SVftj5ZPEZpHSXJdiV16",null,null,-151,[20,"2fRaRIPflPPK/fyqumfwmj",null,[[8,"PageLoading",["_name"],-143],[5,["_lpos"],-144,[1,-10.760999999999996,591.806,0]],[5,["_lrot"],-145,[3,0,0,0,1]],[5,["_euler"],-146,[1,0,0,0]],[3,["_contentSize"],[1,["a64L5Kqo5E+bssap9eq0Lg"]],[5,399.99999999999994,224.99999999999983]],[3,["_contentSize"],[1,["99WsIOrIJHjZcv2lIxsfW/"]],[5,14.998425885172145,15.119999999999997]],[8,-10.761000000000003,["_left"],-147],[8,10.761000000000003,["_right"],-148],[8,-591.806,["_top"],-149],[8,591.806,["_bottom"],-150]]],11]],[1,["d4SVftj5ZPEZpHSXJdiV16"]],[1,["3dnEhW6CRM04Y7KudK9ftR"]],[2,"DescText",33554432,4,[[0,-152,[5,149.9342081132629,12.6]],[14,"Are you sure you want to erase",19.96875,10,10,false,-153,[4,4283979864],13]],[1,0.19700000000000273,17.028000000000006,0]],[2,"SaveText",33554432,4,[[0,-154,[5,29.986841622652584,12.6]],[14,"save 1",19.96875,10,10,false,-155,[4,4283979864],14]],[1,-0.3830000000000098,2.5190000000000055,0]],[22,"Version",false,33554432,1,[[0,-156,[5,205.46082064636752,15.120000000000003]],[28,"V0.0.0:Playing the latest verson",26.325000000000003,12,12,false,-157,23],[24,9,5.019560430803878,2.9999999999999982,-158]],[1,-92.25002924601235,101.93999999999993,0]],[22,"Developed",false,33554432,1,[[0,-159,[5,106.47971476584758,27.12]],[56,"Developed by XXX\nDesigned by XXX",0,26.325000000000003,12,12,false,-160,24],[44,12,5.010131172984416,192.60599999999994,4.999999999999998,-161]],[1,-141.75001144409177,-93.93999999999993,0]],[1,["06YPGbvdNF6blsFAUwFxOe"]],[2,"DescText",33554432,26,[[12,-162,[5,266.69627533013,12.6],[0,0,1]],[57,"",0,0,19.96875,10,10,3,false,-163,[4,4283979864],29]],[1,-129.41499999999996,-0.20000000000004547,0]],[35,"CmpLogo",33554432,1,[[0,-164,[5,150,100]],[7,2,false,-165,31],[45,12,-10,-166]],[1,-155,-92.49999999999994,0],[1,0.6,0.6,1]],[2,"Title",33554432,1,[[0,-167,[5,166,36]],[7,2,false,-168,1]],[1,1.4850000000000136,26.73599999999999,0]],[2,"Text",33554432,10,[[0,-169,[5,70,13.86]],[19,"SAVE1-25%",22,11,11,2,false,-170,5]],[1,1,1,0]],[2,"Text",33554432,11,[[0,-171,[5,70,13.86]],[19,"SAVE1-25%",22,11,11,2,false,-172,8]],[1,1,1,0]],[9,0,{},3,[11,"77IQdr3BZFC7JR52K9TdvY",null,null,-173,[61,"91nVUQum9LIq6LrLgxHTAF",null,[[30,[null],[1,["77IQdr3BZFC7JR52K9TdvY"]]]],[[29,"UIMask",["_name"],[1,["77IQdr3BZFC7JR52K9TdvY"]]],[3,["_lpos"],[1,["77IQdr3BZFC7JR52K9TdvY"]],[1,0,0,0]],[3,["_lrot"],[1,["77IQdr3BZFC7JR52K9TdvY"]],[3,0,0,0,1]],[3,["_euler"],[1,["77IQdr3BZFC7JR52K9TdvY"]],[1,0,0,0]],[3,["_contentSize"],[1,["c0ZuKFjDhCjogdoHPt5uZi"]],[5,399.99999999999994,224.9999999999999]]]],12]],[2,"Label",33554432,7,[[0,-174,[5,23.99747988800861,15.119999999999997]],[14,"YES",23.9625,12,12,false,-175,[4,4291750911],15]],[1,0,0.8,0]],[2,"Label",33554432,8,[[0,-176,[5,14.998425885172145,15.119999999999997]],[14,"NO",23.9625,12,12,false,-177,[4,4291750911],17]],[1,0,0.8,0]],[9,0,{},1,[11,"06YPGbvdNF6blsFAUwFxOe",null,null,-178,[20,"d2xVZxQwdEQIX9mGXAoV/S",null,[[8,"UIBoxLanguage",["_name"],37],[5,["_lpos"],37,[1,154.16,51.194,0]],[5,["_lrot"],37,[3,0,0,0,1]],[5,["_euler"],37,[1,0,0,0]],[3,["_contentSize"],[1,["75Pmt/JllBQL24DOOLICTn"]],[5,19.991227748435055,12.6]],[3,["_contentSize"],[1,["ec65m0Zc5Cw47uzdsM90Pi"]],[5,19.991227748435055,12.6]],[3,["_contentSize"],[1,["7cpzINs5dHkp5Hp1+WaaM2"]],[5,34.98464855976135,12.6]],[3,["_contentSize"],[1,["e3uw811pNFNqhekDCOLion"]],[5,29.986841622652584,12.6]]]],25]],[9,0,{},5,[11,"77IQdr3BZFC7JR52K9TdvY",null,null,-179,[62,"117XY79zhKf4Ek+oNIokjr",null,[[30,[null],[1,["77IQdr3BZFC7JR52K9TdvY"]]]],[[29,"UIMask",["_name"],[1,["77IQdr3BZFC7JR52K9TdvY"]]],[3,["_lpos"],[1,["77IQdr3BZFC7JR52K9TdvY"]],[1,0,0,0]],[3,["_lrot"],[1,["77IQdr3BZFC7JR52K9TdvY"]],[3,0,0,0,1]],[3,["_euler"],[1,["77IQdr3BZFC7JR52K9TdvY"]],[1,0,0,0]],[3,["_contentSize"],[1,["c0ZuKFjDhCjogdoHPt5uZi"]],[5,399.99999999999994,225]]],[[1,["1aR/WIGENKCZMJCl/h5mBi"]]]],27]],[38,"bar",33554432,14,[[[12,-180,[5,8,156.25],[0,0,0]],-181],4,1],[1,-7.732,-31.25,0]],[9,0,{},2,[11,"d1aDkWQdRAmrBpGEIt5qog",null,null,-182,[20,"641G29kchFa6OX5yLqVyxM",null,[[8,"UICurtain",["_name"],27],[5,["_lpos"],27,[1,0,0,0]],[5,["_lrot"],27,[3,0,0,0,1]],[5,["_euler"],27,[1,0,0,0]],[8,false,["_active"],27]]],32]],[63,"SceneStart",[2],[60,null,null,"6968370d-277e-4e0a-a760-f0bc798ae741",null,null,[46,30,43,47,49]],[64,[65,[2,0,0,0,0.520833125],[2,0,0,0,0]],[66,[4,4283190348],[0,512,512]],[67],[68],[69],[70,false],[71],[72]]],[39,"Camera",2,[-183],[1,0,0,1000]],[73,0,178.4037558685446,0,1108344832,51,[4,4278190080]],[49,1,0,48,[4,16777215]],[74,1,14,53],[75,0.23,0.75,false,25,26,54]],0,[0,0,1,0,0,1,0,-1,28,0,-2,40,0,-3,6,0,-4,13,0,-5,12,0,-6,22,0,-7,35,0,-8,36,0,-9,46,0,-10,23,0,-11,39,0,0,2,0,8,52,0,0,2,0,0,2,0,-1,51,0,-3,30,0,-4,3,0,-5,5,0,-6,49,0,0,3,0,0,3,0,0,3,0,9,8,0,10,7,0,11,34,0,12,33,0,0,3,0,-1,43,0,-2,4,0,0,4,0,0,4,0,0,4,0,-1,33,0,-2,34,0,-3,7,0,-4,8,0,0,5,0,0,5,0,0,5,0,13,26,0,14,38,0,0,5,0,-1,47,0,-2,24,0,0,6,0,0,6,0,15,12,0,16,29,0,17,30,0,18,21,0,19,19,0,20,17,0,21,11,0,22,10,0,23,9,0,0,6,0,-1,16,0,-2,18,0,-3,20,0,0,7,0,0,7,0,0,7,0,0,7,0,-1,44,0,0,8,0,0,8,0,0,8,0,0,8,0,-1,45,0,0,9,0,0,9,0,0,9,0,-1,29,0,0,10,0,0,10,0,0,10,0,-1,41,0,0,11,0,0,11,0,0,11,0,-1,42,0,0,12,0,0,12,0,0,12,0,0,12,0,0,13,0,0,13,0,0,13,0,0,13,0,0,13,0,0,14,0,0,14,0,0,14,0,-4,54,0,-1,48,0,0,15,0,0,15,0,0,15,0,0,15,0,-1,26,0,0,16,0,0,16,0,-2,17,0,0,17,0,0,17,0,0,17,0,0,18,0,0,18,0,-2,19,0,0,19,0,0,19,0,0,19,0,0,20,0,0,20,0,-2,21,0,0,21,0,0,21,0,0,21,0,0,22,0,0,22,0,0,22,0,0,22,0,0,23,0,0,23,0,0,23,0,0,23,0,0,24,0,0,24,0,0,24,0,-1,25,0,0,25,0,-2,55,0,0,26,0,-1,38,0,0,28,0,0,28,0,0,28,0,0,29,0,0,29,0,3,31,0,3,31,0,3,31,0,3,31,0,3,32,0,3,32,0,3,32,0,3,32,0,6,30,0,0,33,0,0,33,0,0,34,0,0,34,0,0,35,0,0,35,0,0,35,0,0,36,0,0,36,0,0,36,0,0,38,0,0,38,0,0,39,0,0,39,0,0,39,0,0,40,0,0,40,0,0,41,0,0,41,0,0,42,0,0,42,0,6,43,0,0,44,0,0,44,0,0,45,0,0,45,0,6,46,0,6,47,0,0,48,0,-2,53,0,6,49,0,-1,52,0,24,50,1,5,2,2,5,50,9,5,16,10,5,18,11,5,20,14,5,25,15,5,25,54,25,55,183],[0,0,0,0,0,0,0,0,0,0,0,0,0,0,0,0,0,0,0,0,0,0,0,0,0,0,0,0,0,0,0,0,0,53],[1,1,2,1,1,2,1,1,2,1,1,7,7,2,2,2,1,2,1,1,1,1,2,2,2,7,2,7,1,2,1,1,7,1],[9,10,0,1,2,0,1,2,0,1,2,11,3,4,4,0,5,0,5,6,12,13,0,0,0,14,0,3,15,16,6,17,18,19]],[[{"name":"UI_Stat_MainTxet","rect":{"x":0,"y":0,"width":166,"height":36},"offset":{"x":0,"y":0},"originalSize":{"width":166,"height":36},"rotated":false,"capInsets":[0,0,0,0],"vertices":{"rawPosition":[-83,-18,0,83,-18,0,-83,18,0,83,18,0],"indexes":[0,1,2,2,1,3],"uv":[0,36,166,36,0,0,166,0],"nuv":[0,0,1,0,0,1,1,1],"minPos":{"x":-83,"y":-18,"z":0},"maxPos":{"x":83,"y":18,"z":0}},"packable":true,"pixelsToUnit":100,"pivot":{"x":0.5,"y":0.5},"meshType":0}],[2],0,[0],[4],[20]],[[{"name":"default_scrollbar_vertical","rect":{"x":0,"y":0,"width":15,"height":30},"offset":{"x":0,"y":0},"originalSize":{"width":15,"height":30},"rotated":false,"capInsets":[4,10,4,10],"vertices":{"rawPosition":[-7.5,-15,0,7.5,-15,0,-7.5,15,0,7.5,15,0],"indexes":[0,1,2,2,1,3],"uv":[0,30,15,30,0,0,15,0],"nuv":[0,0,1,0,0,1,1,1],"minPos":{"x":-7.5,"y":-15,"z":0},"maxPos":{"x":7.5,"y":15,"z":0}},"packable":true,"pixelsToUnit":100,"pivot":{"x":0.5,"y":0.5},"meshType":0}],[2],0,[0],[4],[21]],[[{"name":"Button_Bule","rect":{"x":0,"y":0,"width":16,"height":18},"offset":{"x":0,"y":0},"originalSize":{"width":16,"height":18},"rotated":false,"capInsets":[4,4,4,6],"vertices":{"rawPosition":[-8,-9,0,8,-9,0,-8,9,0,8,9,0],"indexes":[0,1,2,2,1,3],"uv":[0,18,16,18,0,0,16,0],"nuv":[0,0,1,0,0,1,1,1],"minPos":{"x":-8,"y":-9,"z":0},"maxPos":{"x":8,"y":9,"z":0}},"packable":true,"pixelsToUnit":100,"pivot":{"x":0.5,"y":0.5},"meshType":0}],[2],0,[0],[4],[22]],[[{"name":"Button_Garbage","rect":{"x":0,"y":0,"width":16,"height":18},"offset":{"x":0,"y":0},"originalSize":{"width":16,"height":18},"rotated":false,"capInsets":[0,0,0,0],"vertices":{"rawPosition":[-8,-9,0,8,-9,0,-8,9,0,8,9,0],"indexes":[0,1,2,2,1,3],"uv":[0,18,16,18,0,0,16,0],"nuv":[0,0,1,0,0,1,1,1],"minPos":{"x":-8,"y":-9,"z":0},"maxPos":{"x":8,"y":9,"z":0}},"packable":true,"pixelsToUnit":100,"pivot":{"x":0.5,"y":0.5},"meshType":0}],[2],0,[0],[4],[23]],[[{"name":"default_scrollbar_vertical_bg","rect":{"x":0,"y":0,"width":15,"height":30},"offset":{"x":0,"y":0},"originalSize":{"width":15,"height":30},"rotated":false,"capInsets":[4,10,4,10],"vertices":{"rawPosition":[-7.5,-15,0,7.5,-15,0,-7.5,15,0,7.5,15,0],"indexes":[0,1,2,2,1,3],"uv":[0,30,15,30,0,0,15,0],"nuv":[0,0,1,0,0,1,1,1],"minPos":{"x":-7.5,"y":-15,"z":0},"maxPos":{"x":7.5,"y":15,"z":0}},"packable":true,"pixelsToUnit":100,"pivot":{"x":0.5,"y":0.5},"meshType":0}],[2],0,[0],[4],[24]]]]
