[1,["ccbFyYE/dFyqzoIql+/294","08l+/FCW5KWqF6+eJjdxUr@6c48a","0ftFePLXJB3IX9Fj/owZyv@6c48a","14cvSnZQxOpL07qHR1fHqv@6c48a","33nMl//sRON6xpjY4goacx@6c48a","34/l6b3zNONazIwe/wYdd7@6c48a","3dl4FuoERNBY9giuXic8lv@6c48a","43xPl9fldI9ImZdKY79mkg@6c48a","4btBnniApEjJwUbdhu4VKw@6c48a","55ZPRwW/FCIq/wy+2DJ8Ft@6c48a","7dj5uJT9FMn6OrOOx83tfK@f9941","81/2m39W5LLowF0e3Z0jK5@f9941","b1XTarcmpFDpquniwARNSV","6aCKI+7llHyp0TrZFdIoD/@6c48a","6aG3xdvPVNf46PLqyag85G@6c48a","72JZos0plOqbVd4ikG4r1z@6c48a","81/2m39W5LLowF0e3Z0jK5@6c48a","84Zoly7cxA9puB6wNzEitF@6c48a","89MwW0kyhEsoQ0/f1miVL/@6c48a","a1TGElN/VOKZMMXmtRssRX@6c48a","a2dnItOudKA5XbdxkPY6EC@6c48a","b0AFxm3AlCRpGGg9OMFTi2@6c48a","d5NmYlb0VNWL2thFrncJ8B@6c48a","f1m3s9wChHIp3DeQ821q+8@6c48a"],["_textureSource","node","_spriteFrame","_cameraComponent","root","scene","_parent","_defaultClip","asset"],["cc.SpriteFrame",["cc.Node",["_name","_layer","_id","_objFlags","__editorExtras__","_components","_parent","_children","_lpos","_prefab"],-2,9,1,2,5,4],["cc.Widget",["_alignFlags","_top","_bottom","_isAbsTop","_originalWidth","_originalHeight","node"],-3,1],["cc.Sprite",["_sizeMode","_isTrimmedMode","node","_spriteFrame","_color"],1,1,6,5],["cc.SceneAsset",["_name"],2],["cc.Node",["_name","_parent","_components","_lpos"],2,1,2,5],["cc.UITransform",["node","_contentSize"],3,1,5],["cc.Canvas",["node","_cameraComponent"],3,1,1],["f4230/Y7RZDmpcyAaDags6E",["node"],3,1],["cc.Animation",["playOnLoad","node","_clips","_defaultClip"],2,1,3,6],["cc.TargetInfo",["localID"],2],["cc.PrefabInfo",["fileId","targetOverrides","nestedPrefabInstanceRoots","root","instance","asset"],0,1,4,6],["cc.PrefabInfo",["root","asset","fileId","instance","targetOverrides","nestedPrefabInstanceRoots"],-2,2],["cc.PrefabInstance",["fileId","prefabRootNode","propertyOverrides"],1,9],["CCPropertyOverrideInfo",["value","propertyPath","targetInfo"],1,1],["CCPropertyOverrideInfo",["propertyPath","targetInfo","value"],2,1,8],["cc.Scene",["_name","_children","_prefab","_globals"],2,2,4,4],["cc.SceneGlobals",["ambient","shadows","_skybox","fog","octree","skin","lightProbeInfo","postSettings"],3,4,4,4,4,4,4,4,4],["cc.AmbientInfo",["_skyColorHDR","_groundAlbedoHDR"],3,5,5],["cc.ShadowsInfo",["_shadowColor","_size"],3,5,5],["cc.SkyboxInfo",[],3],["cc.FogInfo",[],3],["cc.OctreeInfo",[],3],["cc.SkinInfo",["_enabled"],2],["cc.LightProbeInfo",[],3],["cc.PostSettingsInfo",[],3],["cc.Camera",["_projection","_orthoHeight","_near","_visibility","node","_color"],-1,1,5]],[[6,0,1,1],[15,0,1,2,2],[1,0,1,6,5,3],[4,0,2],[1,0,1,2,7,5,8,4],[1,3,4,6,9,3],[5,0,1,2,3,2],[7,0,1,1],[2,0,1,2,6,4],[2,0,3,4,5,6,5],[8,0,1],[3,0,2,4,3,2],[3,0,1,2,3,3],[9,0,1,2,3,2],[10,0,2],[11,0,1,2,3,4,5,4],[12,0,1,2,3,4,5,6],[13,0,1,2,3],[14,0,1,2,3],[16,0,1,2,3,2],[17,0,1,2,3,4,5,6,7,1],[18,0,1,1],[19,0,1,1],[20,1],[21,1],[22,1],[23,0,2],[24,1],[25,1],[26,0,1,2,3,4,5,5]],[[[{"name":"4","rect":{"x":0,"y":0,"width":150,"height":100},"offset":{"x":0,"y":0},"originalSize":{"width":150,"height":100},"rotated":false,"capInsets":[0,0,0,0],"vertices":{"rawPosition":[-75,-50,0,75,-50,0,-75,50,0,75,50,0],"indexes":[0,1,2,2,1,3],"uv":[0,100,150,100,0,0,150,0],"nuv":[0,0,1,0,0,1,1,1],"minPos":{"x":-75,"y":-50,"z":0},"maxPos":{"x":75,"y":50,"z":0}},"packable":true,"pixelsToUnit":100,"pivot":{"x":0.5,"y":0.5},"meshType":0}],[0],0,[0],[0],[1]],[[{"name":"7","rect":{"x":0,"y":0,"width":150,"height":100},"offset":{"x":0,"y":0},"originalSize":{"width":150,"height":100},"rotated":false,"capInsets":[0,0,0,0],"vertices":{"rawPosition":[-75,-50,0,75,-50,0,-75,50,0,75,50,0],"indexes":[0,1,2,2,1,3],"uv":[0,100,150,100,0,0,150,0],"nuv":[0,0,1,0,0,1,1,1],"minPos":{"x":-75,"y":-50,"z":0},"maxPos":{"x":75,"y":50,"z":0}},"packable":true,"pixelsToUnit":100,"pivot":{"x":0.5,"y":0.5},"meshType":0}],[0],0,[0],[0],[2]],[[{"name":"13","rect":{"x":0,"y":0,"width":150,"height":100},"offset":{"x":0,"y":0},"originalSize":{"width":150,"height":100},"rotated":false,"capInsets":[0,0,0,0],"vertices":{"rawPosition":[-75,-50,0,75,-50,0,-75,50,0,75,50,0],"indexes":[0,1,2,2,1,3],"uv":[0,100,150,100,0,0,150,0],"nuv":[0,0,1,0,0,1,1,1],"minPos":{"x":-75,"y":-50,"z":0},"maxPos":{"x":75,"y":50,"z":0}},"packable":true,"pixelsToUnit":100,"pivot":{"x":0.5,"y":0.5},"meshType":0}],[0],0,[0],[0],[3]],[[{"name":"11","rect":{"x":0,"y":0,"width":150,"height":100},"offset":{"x":0,"y":0},"originalSize":{"width":150,"height":100},"rotated":false,"capInsets":[0,0,0,0],"vertices":{"rawPosition":[-75,-50,0,75,-50,0,-75,50,0,75,50,0],"indexes":[0,1,2,2,1,3],"uv":[0,100,150,100,0,0,150,0],"nuv":[0,0,1,0,0,1,1,1],"minPos":{"x":-75,"y":-50,"z":0},"maxPos":{"x":75,"y":50,"z":0}},"packable":true,"pixelsToUnit":100,"pivot":{"x":0.5,"y":0.5},"meshType":0}],[0],0,[0],[0],[4]],[[{"name":"16","rect":{"x":0,"y":0,"width":150,"height":100},"offset":{"x":0,"y":0},"originalSize":{"width":150,"height":100},"rotated":false,"capInsets":[0,0,0,0],"vertices":{"rawPosition":[-75,-50,0,75,-50,0,-75,50,0,75,50,0],"indexes":[0,1,2,2,1,3],"uv":[0,100,150,100,0,0,150,0],"nuv":[0,0,1,0,0,1,1,1],"minPos":{"x":-75,"y":-50,"z":0},"maxPos":{"x":75,"y":50,"z":0}},"packable":true,"pixelsToUnit":100,"pivot":{"x":0.5,"y":0.5},"meshType":0}],[0],0,[0],[0],[5]],[[{"name":"10","rect":{"x":0,"y":0,"width":150,"height":100},"offset":{"x":0,"y":0},"originalSize":{"width":150,"height":100},"rotated":false,"capInsets":[0,0,0,0],"vertices":{"rawPosition":[-75,-50,0,75,-50,0,-75,50,0,75,50,0],"indexes":[0,1,2,2,1,3],"uv":[0,100,150,100,0,0,150,0],"nuv":[0,0,1,0,0,1,1,1],"minPos":{"x":-75,"y":-50,"z":0},"maxPos":{"x":75,"y":50,"z":0}},"packable":true,"pixelsToUnit":100,"pivot":{"x":0.5,"y":0.5},"meshType":0}],[0],0,[0],[0],[6]],[[{"name":"12","rect":{"x":0,"y":0,"width":150,"height":100},"offset":{"x":0,"y":0},"originalSize":{"width":150,"height":100},"rotated":false,"capInsets":[0,0,0,0],"vertices":{"rawPosition":[-75,-50,0,75,-50,0,-75,50,0,75,50,0],"indexes":[0,1,2,2,1,3],"uv":[0,100,150,100,0,0,150,0],"nuv":[0,0,1,0,0,1,1,1],"minPos":{"x":-75,"y":-50,"z":0},"maxPos":{"x":75,"y":50,"z":0}},"packable":true,"pixelsToUnit":100,"pivot":{"x":0.5,"y":0.5},"meshType":0}],[0],0,[0],[0],[7]],[[{"name":"8","rect":{"x":0,"y":0,"width":150,"height":100},"offset":{"x":0,"y":0},"originalSize":{"width":150,"height":100},"rotated":false,"capInsets":[0,0,0,0],"vertices":{"rawPosition":[-75,-50,0,75,-50,0,-75,50,0,75,50,0],"indexes":[0,1,2,2,1,3],"uv":[0,100,150,100,0,0,150,0],"nuv":[0,0,1,0,0,1,1,1],"minPos":{"x":-75,"y":-50,"z":0},"maxPos":{"x":75,"y":50,"z":0}},"packable":true,"pixelsToUnit":100,"pivot":{"x":0.5,"y":0.5},"meshType":0}],[0],0,[0],[0],[8]],[[{"name":"9","rect":{"x":0,"y":0,"width":150,"height":100},"offset":{"x":0,"y":0},"originalSize":{"width":150,"height":100},"rotated":false,"capInsets":[0,0,0,0],"vertices":{"rawPosition":[-75,-50,0,75,-50,0,-75,50,0,75,50,0],"indexes":[0,1,2,2,1,3],"uv":[0,100,150,100,0,0,150,0],"nuv":[0,0,1,0,0,1,1,1],"minPos":{"x":-75,"y":-50,"z":0},"maxPos":{"x":75,"y":50,"z":0}},"packable":true,"pixelsToUnit":100,"pivot":{"x":0.5,"y":0.5},"meshType":0}],[0],0,[0],[0],[9]],[[[3,"SceneLogo"],[4,"Canvas",33554432,"beI88Z2HpFELqR4T5EMHpg",[-6,-7,-8,-9],[[0,-1,[5,400,224.9999999999999]],[7,-3,-2],[8,45,5.684341886080802e-14,5.684341886080802e-14,-4],[10,-5]],[1,200,112.5,0]],[2,"BG",33554432,1,[[0,-10,[5,400,224.9999999999999]],[11,0,-11,[4,4278190080],0],[9,45,false,40,36,-12]]],[2,"CompLogo",33554432,1,[[0,-13,[5,150,100]],[12,2,false,-14,1],[13,true,-15,[2],3]]],[14,["d1aDkWQdRAmrBpGEIt5qog"]],[5,0,{},1,[15,"d1aDkWQdRAmrBpGEIt5qog",null,null,-16,[17,"0cU45TCVBJxpAyCJ5yCxi/",null,[[18,"UICurtain",["_name"],4],[1,["_lpos"],4,[1,0,0,0]],[1,["_lrot"],4,[3,0,0,0,1]],[1,["_euler"],4,[1,0,0,0]]]],4]],[19,"SceneLogo",[1],[16,null,null,"6845737b-aa77-41d2-b220-d08b76c1862d",null,null,[5]],[20,[21,[2,0,0,0,0.520833125],[2,0,0,0,0]],[22,[4,4283190348],[0,512,512]],[23],[24],[25],[26,false],[27],[28]]],[6,"Camera",1,[-17],[1,0,0,1000]],[29,0,112.5,0,1108344832,7,[4,4278190080]]],0,[0,1,1,0,3,8,0,1,1,0,1,1,0,1,1,0,-1,7,0,-2,2,0,-3,3,0,-4,5,0,1,2,0,1,2,0,1,2,0,1,3,0,1,3,0,1,3,0,4,5,0,-1,8,0,5,6,1,6,6,17],[0,0,0,0,0],[2,2,-1,7,8],[10,11,0,0,12]],[[{"name":"15","rect":{"x":0,"y":0,"width":150,"height":100},"offset":{"x":0,"y":0},"originalSize":{"width":150,"height":100},"rotated":false,"capInsets":[0,0,0,0],"vertices":{"rawPosition":[-75,-50,0,75,-50,0,-75,50,0,75,50,0],"indexes":[0,1,2,2,1,3],"uv":[0,100,150,100,0,0,150,0],"nuv":[0,0,1,0,0,1,1,1],"minPos":{"x":-75,"y":-50,"z":0},"maxPos":{"x":75,"y":50,"z":0}},"packable":true,"pixelsToUnit":100,"pivot":{"x":0.5,"y":0.5},"meshType":0}],[0],0,[0],[0],[13]],[[{"name":"6","rect":{"x":0,"y":0,"width":150,"height":100},"offset":{"x":0,"y":0},"originalSize":{"width":150,"height":100},"rotated":false,"capInsets":[0,0,0,0],"vertices":{"rawPosition":[-75,-50,0,75,-50,0,-75,50,0,75,50,0],"indexes":[0,1,2,2,1,3],"uv":[0,100,150,100,0,0,150,0],"nuv":[0,0,1,0,0,1,1,1],"minPos":{"x":-75,"y":-50,"z":0},"maxPos":{"x":75,"y":50,"z":0}},"packable":true,"pixelsToUnit":100,"pivot":{"x":0.5,"y":0.5},"meshType":0}],[0],0,[0],[0],[14]],[[{"name":"3","rect":{"x":0,"y":0,"width":150,"height":100},"offset":{"x":0,"y":0},"originalSize":{"width":150,"height":100},"rotated":false,"capInsets":[0,0,0,0],"vertices":{"rawPosition":[-75,-50,0,75,-50,0,-75,50,0,75,50,0],"indexes":[0,1,2,2,1,3],"uv":[0,100,150,100,0,0,150,0],"nuv":[0,0,1,0,0,1,1,1],"minPos":{"x":-75,"y":-50,"z":0},"maxPos":{"x":75,"y":50,"z":0}},"packable":true,"pixelsToUnit":100,"pivot":{"x":0.5,"y":0.5},"meshType":0}],[0],0,[0],[0],[15]],[[{"name":"1","rect":{"x":0,"y":0,"width":150,"height":100},"offset":{"x":0,"y":0},"originalSize":{"width":150,"height":100},"rotated":false,"capInsets":[0,0,0,0],"vertices":{"rawPosition":[-75,-50,0,75,-50,0,-75,50,0,75,50,0],"indexes":[0,1,2,2,1,3],"uv":[0,100,150,100,0,0,150,0],"nuv":[0,0,1,0,0,1,1,1],"minPos":{"x":-75,"y":-50,"z":0},"maxPos":{"x":75,"y":50,"z":0}},"packable":true,"pixelsToUnit":100,"pivot":{"x":0.5,"y":0.5},"meshType":0}],[0],0,[0],[0],[16]],[[{"name":"14","rect":{"x":0,"y":0,"width":150,"height":100},"offset":{"x":0,"y":0},"originalSize":{"width":150,"height":100},"rotated":false,"capInsets":[0,0,0,0],"vertices":{"rawPosition":[-75,-50,0,75,-50,0,-75,50,0,75,50,0],"indexes":[0,1,2,2,1,3],"uv":[0,100,150,100,0,0,150,0],"nuv":[0,0,1,0,0,1,1,1],"minPos":{"x":-75,"y":-50,"z":0},"maxPos":{"x":75,"y":50,"z":0}},"packable":true,"pixelsToUnit":100,"pivot":{"x":0.5,"y":0.5},"meshType":0}],[0],0,[0],[0],[17]],[[{"name":"20","rect":{"x":0,"y":0,"width":150,"height":100},"offset":{"x":0,"y":0},"originalSize":{"width":150,"height":100},"rotated":false,"capInsets":[0,0,0,0],"vertices":{"rawPosition":[-75,-50,0,75,-50,0,-75,50,0,75,50,0],"indexes":[0,1,2,2,1,3],"uv":[0,100,150,100,0,0,150,0],"nuv":[0,0,1,0,0,1,1,1],"minPos":{"x":-75,"y":-50,"z":0},"maxPos":{"x":75,"y":50,"z":0}},"packable":true,"pixelsToUnit":100,"pivot":{"x":0.5,"y":0.5},"meshType":0}],[0],0,[0],[0],[18]],[[{"name":"19","rect":{"x":0,"y":0,"width":150,"height":100},"offset":{"x":0,"y":0},"originalSize":{"width":150,"height":100},"rotated":false,"capInsets":[0,0,0,0],"vertices":{"rawPosition":[-75,-50,0,75,-50,0,-75,50,0,75,50,0],"indexes":[0,1,2,2,1,3],"uv":[0,100,150,100,0,0,150,0],"nuv":[0,0,1,0,0,1,1,1],"minPos":{"x":-75,"y":-50,"z":0},"maxPos":{"x":75,"y":50,"z":0}},"packable":true,"pixelsToUnit":100,"pivot":{"x":0.5,"y":0.5},"meshType":0}],[0],0,[0],[0],[19]],[[{"name":"5","rect":{"x":0,"y":0,"width":150,"height":100},"offset":{"x":0,"y":0},"originalSize":{"width":150,"height":100},"rotated":false,"capInsets":[0,0,0,0],"vertices":{"rawPosition":[-75,-50,0,75,-50,0,-75,50,0,75,50,0],"indexes":[0,1,2,2,1,3],"uv":[0,100,150,100,0,0,150,0],"nuv":[0,0,1,0,0,1,1,1],"minPos":{"x":-75,"y":-50,"z":0},"maxPos":{"x":75,"y":50,"z":0}},"packable":true,"pixelsToUnit":100,"pivot":{"x":0.5,"y":0.5},"meshType":0}],[0],0,[0],[0],[20]],[[{"name":"17","rect":{"x":0,"y":0,"width":150,"height":100},"offset":{"x":0,"y":0},"originalSize":{"width":150,"height":100},"rotated":false,"capInsets":[0,0,0,0],"vertices":{"rawPosition":[-75,-50,0,75,-50,0,-75,50,0,75,50,0],"indexes":[0,1,2,2,1,3],"uv":[0,100,150,100,0,0,150,0],"nuv":[0,0,1,0,0,1,1,1],"minPos":{"x":-75,"y":-50,"z":0},"maxPos":{"x":75,"y":50,"z":0}},"packable":true,"pixelsToUnit":100,"pivot":{"x":0.5,"y":0.5},"meshType":0}],[0],0,[0],[0],[21]],[[{"name":"2","rect":{"x":0,"y":0,"width":150,"height":100},"offset":{"x":0,"y":0},"originalSize":{"width":150,"height":100},"rotated":false,"capInsets":[0,0,0,0],"vertices":{"rawPosition":[-75,-50,0,75,-50,0,-75,50,0,75,50,0],"indexes":[0,1,2,2,1,3],"uv":[0,100,150,100,0,0,150,0],"nuv":[0,0,1,0,0,1,1,1],"minPos":{"x":-75,"y":-50,"z":0},"maxPos":{"x":75,"y":50,"z":0}},"packable":true,"pixelsToUnit":100,"pivot":{"x":0.5,"y":0.5},"meshType":0}],[0],0,[0],[0],[22]],[[{"name":"18","rect":{"x":0,"y":0,"width":150,"height":100},"offset":{"x":0,"y":0},"originalSize":{"width":150,"height":100},"rotated":false,"capInsets":[0,0,0,0],"vertices":{"rawPosition":[-75,-50,0,75,-50,0,-75,50,0,75,50,0],"indexes":[0,1,2,2,1,3],"uv":[0,100,150,100,0,0,150,0],"nuv":[0,0,1,0,0,1,1,1],"minPos":{"x":-75,"y":-50,"z":0},"maxPos":{"x":75,"y":50,"z":0}},"packable":true,"pixelsToUnit":100,"pivot":{"x":0.5,"y":0.5},"meshType":0}],[0],0,[0],[0],[23]]]]
